Abhayapuri		Assam
Achabbal		Jammu and Kashmir
Achalpur		Maharashtra
Achhnera		Uttar Pradesh
Adari		Uttar Pradesh
Adalaj		Gujrat
Adilabad		Andhra Pradesh
Adityana		Gujrat
pereyaapatna		Karnataka
Adoni		Andhra Pradesh
Adoor		Kerala
Adyar		Karnataka
Adra		West Bengal
Afzalpura		Karnataka
Agartala		Tripura
Agra		Uttar Pradesh
Ahiwara		Chhattisgarh
Ahmedabad		Gujarat
Ahemdabad		Gujarat
Ahmedgarh		Punjab
Ahmednagar		Maharashtra
Ahmedpur		Maharashtra
Aizawl		Mizoram
Ajmer		Rajasthan
Ajra		Maharashtra
Akaltara		Chhattisgarh
Akathiyoor		Kerala
Akhnoor		Jammu and Kashmir
Akkalkot		Maharashtra
Akola		Maharashtra
Akot		Maharashtra
Alandha		Karnataka
Alandi		Maharashtra
Alang		Gujrat
Alappuzha		Kerala
Aldona		Goa
Alibag		Maharashtra
Aligarh		Uttar Pradesh
Alipurduar		West Bengal
Allahabad		Uttar Pradesh
Almora		Uttarakhand
Aalanavara		Karnataka
Along		Arunachal Pradesh
Alur		Karnataka
Alwar		Rajasthan
Amadalavalasa		Andhra Pradesh
Amalapuram		Andhra Pradesh
Amalner		Maharashtra
Amarpur		Bihar
Ambad		Maharashtra
Ambagarh Chowki		Chhattisgarh
Ambaji		Gujrat
Ambaliyasan		Gujrat
Ambejogai		Maharashtra
Ambikaanagara		Karnataka
Ambikapur		Chhattisgarh
Ambivali Tarf Wankhal		Maharashtra
Amguri		Assam
Amini		Lakshadweep
Amlabad		Jharkhand
Amli		Dadra and Nagar Haveli
Amravati		Maharashtra
Amreli		Gujarat
Amritsar		Punjab
Amroha		Uttar Pradesh
Anakapalle		Andhra Pradesh
Anand		Gujarat
Anandapur		Orissa
Anandnagaar		Assam
Anantapur		Andhra Pradesh
Anantnag		Jammu and Kashmir
Ancharakandy		Kerala
Andada		Gujrat
Anekal		Karnataka
Ankola		Karnataka
Anjar		Gujrat
Anjangaon		Maharashtra.Cl
Anklav		Gujrat
Ankleshwar		Gujarat
Annigeri		Karnataka
Antaliya		Gujrat
Anugul		Orissa
Ara		Jharkhand
Arambhada		Gujrat
Arakkonam		Tamil Nadu
Araria		Bihar
Arang		Chhattisgarh
Arambagh		West Bengal
Arsikere		Karnataka
Arcot		Tamil Nadu
Areraj		Bihar
Arkalgud		Karnataka
Arki		Himachal Pradesh
Arnia		Jammu and Kashmir
Aroor		Kerala
Arrah		Bihar
Aruppukkottai		Tamil Nadu
Arvi		Maharashtra
Asankhurd		Haryana
Asansol		West Bengal
Asarganj		Bihar
Ashok Nagar		Madhya Pradesh
Ashta		Maharashtra
Ashtamichira		Kerala
Asika		Orissa
Asola		Delhi
Assandh		Haryana
Ateli		Haryana
Athni		Karnataka
Attingal		Kerala
Atul		Gujrat
Aurad		Karnataka
Aurangabad		Bihar
Aurangabad		Maharashtra
Ausa		Maharashtra
Avinissery		Kerala
Awantipora		Jammu and Kashmir
Azamgarh		Uttar Pradesh
Babiyal		Haryana
Baddi		Himachal Pradesh
Bade Bacheli		Chhattisgarh
Badaun		Uttar Pradesh
Badepalle		Andhra Pradesh
Badharghat		Tripura
Bagaha		Bihar
Bahadurgarh		Haryana
Bahadurganj		Bihar
Baharampur		West Bengal
Bahraich		Uttar Pradesh
Bairgania		Bihar
Bakhtiarpur		Bihar
Balaghat		Madhya Pradesh
Balangir		Orissa
Balasore		Orissa
Baleshwar		Orissa
Bali		Rajasthan
Bally		West Bengal
Ballabhgarh		Haryana
Ballia		Uttar Pradesh
Balod		Chhattisgarh
Baloda Bazar		Chhattisgarh
Balrampur		Uttar Pradesh
Balurghat		West Bengal
Bamra		Orissa
Banda		Uttar Pradesh
Bandikui		Rajasthan
Bandipore		Jammu and Kashmir
Banganapalle		Andhra Pradesh
Banka		Bihar
Banmankhi Bazar		Bihar
Banswara		Rajasthan
Bankura		West Bengal
Bapatla		Andhra Pradesh
Barakar		West Bengal
Barahiya		Bihar
Baramati		Maharashtra
Baramula		Jammu and Kashmir
Baran		Rajasthan
Barasat		West Bengal
Bardhaman		West Bengal
Barauli		Bihar
Barbigha		Bihar
Bareilly		Uttar Pradesh
Bargarh		Orissa
Barughutu		Jharkhand
Basna		Chhattisgarh
Barbil		Orissa
Bargarh		Orissa
Barh		Bihar
Baripada		Orissa
Barmer		Rajasthan
Barnala		Punjab
Barpeta		Assam
Barpeta Road		Assam
Barrackpur		West Bengal
Barwani		Madhya Pradesh
Barwala		Haryana
Basudebpur		Orissa
Batala		Punjab
Bathinda		Punjab
Bawal		Haryana
Bazpur		Uttarakhand
Beawar		Rajasthan
Begusarai		Bihar
Behea		Bihar
Belagaavi		Karnataka
Bellampalle		Andhra Pradesh
Ballary		Karnataka
Belpahar		Orissa
Bemetra		Chhattisgarh
Bengalooru		Karnataka
Bangalore		Karnataka
Bengaluru		Karnataka
Berhampur		Orissa
Bethamcherla		Andhra Pradesh
Bettiah		Bihar
Betul		Madhya Pradesh
Bhabua		Bihar
Bhadrachalam		Andhra Pradesh
Bhadrak		Orissa
Bhagalpur		Bihar
Bhagha Purana		Punjab
Bhainsa		Andhra Pradesh
Bhajanpura		Delhi
Bhandara		Maharashtra
Bharatpur		Rajasthan
Bharthana		Uttar Pradesh
Bharuch		Gujarat
Bhatapara		Chhattisgarh
Bhavani		Tamil Nadu
Bhavnagar		Gujarat
Bhawanipatna		Orissa
Bheemunipatnam		Andhra Pradesh
Bhilai		Chhattisgarh
Bhilwara		Rajasthan
Bhimavaram		Andhra Pradesh
Bhinmal		Rajasthan
Bhiwandi		Maharashtra
Bhiwani		Haryana
Bhongir		Andhra Pradesh
Bhopal		Madhya Pradesh
Bhuban		Orissa
Bhubaneswar		Orissa
Bhuj		Gujarat
Bhusawal		Maharashtra
Bidar		Karnataka
Bidhan Nagar		West Bengal
Bihar Sharif		Bihar
Bijnaur		Uttar Pradesh
Bikaner		Rajasthan
Bikramganj		Bihar
Bilara		Rajasthan
Bilasipara		Assam
Bilaspur		Chhattisgarh
Bilaspur		Himachal Pradesh
Biramitrapur		Orissa
Birgaon		Chhattisgarh
Bobbili		Andhra Pradesh
Bodhan		Andhra Pradesh
Bodh Gaya		Bihar
Bokaro Steel City		Jharkhand
Bongaigaon		Assam
Bomdila		Arunachal Pradesh
Brahmapur		Orissa
Brajrajnagar		Orissa
Budaun		Uttar Pradesh
Budhlada		Punjab
Bulandshahr		Uttar Pradesh
Burhanpur		Madhya Pradesh
Burla		Orissa
Buxar		Bihar
Byasanagar		Orissa
Cambay		Gujarat
Chaibasa		Jharkhand
Chakeri		Uttar Pradesh
Chakradharpur		Jharkhand
Chalisgaon		Maharashtra
Chamba		Himachal Pradesh
Chamba		Uttarakhand
Champa		Chhattisgarh
Champawat		Uttarakhand
Champhai		Mizoram
Chamarajanagara		Karnataka
Chandigarh		Punjab
Chandil		Jharkhand
Chandausi		Uttar Pradesh
Chandrapura		Jharkhand
Chanpatia		Bihar
Charkhi Dadri		Haryana
Chapirevula		Andhra Pradesh
Chatra		Jharkhand
Charkhari		Uttar Pradesh
Chalakudy		Kerala
Chandrapur		Maharashtra
Changanassery		Kerala
Cheeka		Haryana
Chendamangalam		Kerala
Chengalpattu		Tamil Nadu
Chengannur		Kerala
Chennai		Tamil Nadu
Madras		Tamil Nadu
Cherthala		Kerala
Cheruthazham		Kerala
Chhapra		Bihar
Chhatarpur		Madhya Pradesh
Chhindwara		Madhya Pradesh
Chikkodi		Karnataka
Chikkamagalur		Karnataka
Chilakaluripet		Andhra Pradesh
Chinchani		Maharashtra
Chinna salem		Tamil nadu
Chinthaamani		Karnataka
Chiplun		Maharashtra
Chirala		Andhra Pradesh
Chirkunda		Jharkhand
Chirmiri		Chhattisgarh
Chinsura		West Bengal
Chithradurga		Karnataka
Chittur-Thathamangalam		Kerala
Chitrakoot		Madhya Pradesh
Chittoor		Andhra Pradesh
Chockli		Kerala
Churi		Jharkhand
Churu		Rajasthan
Coimbatore		Tamil Nadu
Colgong		Bihar
Contai		West Bengal
Cooch Behar		West Bengal
Coonoor		Tamil Nadu
Cuddalore		Tamil Nadu
Cuddapah		Andhra Pradesh
Curchorem Cacora		Goa
Cuttack		Orissa
Chikkaballapura		Karnataka
Chandan Bara		Bihar
Dabra		Madhya Pradesh
Dadri		Uttar Pradesh
Dahod		Gujarat
Dalhousie		Himachal Pradesh
Dalkhola		West Bengal
Dalli-Rajhara		Chhattisgarh
Dalsinghsarai		Bihar
Daltonganj		Jharkhand
Daman and Diu		Daman and Diu
Damoh		Madhya Pradesh
Darbhanga		Bihar
Darjeeling		West Bengal
Dasua		Punjab
Datia		Madhya Pradesh
Daudnagar		Bihar
Daund		Maharashtra
Davanageray		Karnataka
Debagarh		Orissa
Deesa		Gujarat
Dehgam		Gujarat
Dehradun		Uttarakhand
Dehri-on-Sone		Bihar
Deoghar		Jharkhand
Deoria		Uttar Pradesh
Devarakonda		Andhra Pradesh
Devgarh		Maharashtra
Devgarh		Rajasthan
Dewas		Madhya Pradesh
Dhaka		Bihar
Dhamtari		Chhattisgarh
Dhanbad		Jharkhand
Dhar		Madhya Pradesh
Dharampur		Gujarat
Dharamsala		Himachal Pradesh
Dharmanagar		Tripura
Dharmapuri		Tamil Nadu
Dharmavaram		Andhra Pradesh
Dharwad		Karnataka
Dhekiajuli		Assam
Dhenkanal		Orissa
Dholka		Gujarat
Dhubri		Assam
Dhule		Maharashtra
Dhulian		West Bengal
Dhuri		Punjab
Dibrugarh		Assam
Digboi		Assam
Dighwara		Bihar
Dimapur		Nagaland
Dinanagar		Punjab
Dindigul		Tamil Nadu
Diphu		Assam
Dipka		Chhattisgarh
Dispur		Assam
Dombivli		Maharashtra
Dongargarh		Chhattisgarh
Duliajan Oil Town		Assam
Dumdum		West Bengal
Dumka		Jharkhand
Dumraon		Bihar
Durg-Bhilai Nagar		Chhattisgarh
Durgapur		Maharashtra
Durgapur		West Bengal
Dwarka		Gujarat
Dudhara		Bihar 
Ellenabad		Haryana
Eluru		Andhra Pradesh
Erattupetta		Kerala
Erode		Tamil Nadu
Etah		Uttar Pradesh
Etawah		Uttar Pradesh
Faizabad		Uttar Pradesh
Falna		Rajasthan
Faridabad		Haryana
Faridkot		Punjab
Farooqnagar		Andhra Pradesh
Farrukhabad		Uttar Pradesh
Fatehabad		Haryana
Fatehabad		Madhya Pradesh
Fatehabad		Uttar Pradesh
Fatehgarh		Uttar Pradesh
Fatehpur Chaurasi		Uttar Pradesh
Fatehpur Sikri		Uttar Pradesh
Fatehpur		Rajasthan
Fatehpur		Uttar Pradesh
Fatehpur		Uttar Pradesh
Fatwah		Bihar
Fazilka		Punjab
Forbesganj		Bihar
Firozabad		Uttar Pradesh
Firozpur		Punjab
Firozpur Cantt.		Punjab
Gadhaga		Karnataka
Gadchiroli		Maharashtra
Gadwal		Andhra Pradesh
Ganaur		Haryana
Gandhidham		Gujarat
Gandhinagar		Gujarat
Gangtok		Sikkim
Ganjam		Orissa
Garhwa		Jharkhand
Gauripur		Assam
Gaya		Bihar
Gharaunda		Haryana
Ghatampur		Uttar Pradesh
Ghatanji		Maharashtra
Ghatshila		Jharkhand
Ghaziabad		Uttar Pradesh
Ghazipur		Uttar Pradesh
Giddarbaha		Punjab
Giridih		Jharkhand
Goa Velha		Goa
Goalpara		Assam
Gobindgarh		Punjab
Gobranawapara		Chhattisgarh
Godda		Jharkhand
Godhra		Gujarat
Gogri Jamalpur		Bihar
Gohana		Haryana
Gokak		Karnataka
Golaghat		Assam
Gomoh		Jharkhand
Gondiya		Maharashtra
Gooty		Andhra Pradesh
Gopalganj		Bihar
Gorakhpur		Uttar Pradesh
Greater Noida		Uttar Pradesh
Gudalur		Tamil Nadu
Gudalur		Tamil Nadu
Gudalur		Tamil Nadu
Gudivada		Andhra Pradesh
Gudur		Andhra Pradesh
Gulbarga		Karnataka
Gumia		Jharkhand
Gumla		Jharkhand
Guna		Madhya Pradesh
Gundlupet		Karnataka
Guntakal		Andhra Pradesh
Guntur		Andhra Pradesh
Gunupur		Orissa
Gurdaspur		Punjab
Gurgaon		Haryana
Guruvayoor		Kerala
Guwahati		Assam
Gwalior		Madhya pradesh
Haflong		Assam
Hailakandi		Assam
Hajipur		Bihar
Haldia		West Bengal
Haldwani		Uttarakhand
Haibat(Yamuna Nagar)		Haryana
Hamirpur		Himachal Pradesh
Hamirpur		Uttar Pradesh
Hansi		Haryana
Hanuman Junction		Andhra Pradesh
Hanumangarh		Rajasthan
Harda		Madhya Pradesh
Hardoi		Uttar Pradesh
Haridwar		Uttarakhand
Harsawa		Rajasthan
Haasana		Karnataka
Hastinapur		Uttar Pradesh
Hathras		Uttar Pradesh
Hazaribag		Jharkhand
Hilsa		Bihar
Himatnagar		Gujarat
Hindupur		Andhra Pradesh
Hinjilicut		Orissa
Hisar		Haryana
Hisua		Bihar
Hodal		Haryana
Hojai		Assam
Hoshiarpur		Punjab
Hosapet		Karnataka
Howrah		West Bengal
Hubbali		Karnataka
Hugli-Chuchura		West Bengal
Hussainabad		Jharkhand
Hyderabad		Andhra Pradesh
Ichalkaranji		Maharashtra
Ichchapuram		Andhra Pradesh
Idar		Gujarat
Imphal		Manipur
Indore		Madhya Pradesh
Indranagar		Tripura
Irinjalakuda		Kerala
Islampur		Bihar
Islampur		West Bengal
Itanagar		Arunachal Pradesh
Itarsi		Madhya Pradesh
Jabalpur		Madhya Pradesh
Jagadhri		Haryana
Jagatsinghapur		Orissa
Jagdalpur		Chhattisgarh
Jagdispur		Bihar
Jaggaiahpet		Andhra Pradesh
Jagraon		Punjab
Jagtial		Andhra Pradesh
Jaipur		Rajasthan
Jais		Uttar Pradesh
Jaisalmer		Rajasthan
Jaitaran		Rajasthan
Jaitu		Punjab
Jajapur		Orissa
Jajmau		Uttar Pradesh
Jalalabad		Punjab
Jalna		Maharashtra
Jalandhar Cantt.		Punjab
Jalandhar		Punjab
Jaleswar		Orissa
Jalgaon		Maharashtra
Jalore		Rajasthan
Jamalpur		Bihar
Jammalamadugu		Andhra Pradesh
Jammu		Jammu and Kashmir
Jamnagar		Gujarat
Jamshedpur		Jharkhand
Jamtara		Jharkhand
Jamui		Bihar
Jandiala		Punjab
Jangaon		Andhra Pradesh
Janjgir		Chhattisgarh
Jashpurnagar		Chhattisgarh
Jaspur		Uttarakhand
Jatani		Orissa
Jaunpur		Uttar Pradesh
Jehanabad		Bihar
Jeypur		Orissa
Jhabua		Madhya Pradesh
Jhajha		Bihar
Jhajjar		Haryana
Jhalawar		Rajasthan
Jhanjharpur		Bihar
Jhansi		Uttar Pradesh
Jhargram		West Bengal
Jharsuguda		Orissa
Jhumri Tilaiya		Jharkhand
Jhunjhunu		Rajasthan
Jind		Haryana
Joda		Orissa
Jodhpur		Rajasthan
Jogabani		Bihar
Jogendranagar		Tripura
Jorhat		Assam
Jowai		Meghalaya
Junagadh		Gujarat
Junnar		Maharashtra
Kadapa		Andhra Pradesh
Kadi		Gujarat
Kadiri		Andhra Pradesh
Kadirur		Kerala
Kagaznagar		Andhra Pradesh
Kailaras		Madhya Pradesh
Kailasahar		Tripura
Kaithal		Haryana
Kakching		Manipur
Kakinada		Andhra Pradesh
Kalan Wali		Haryana
Kalavad		Gujarat
Kalburgi		Karnataka
Kalimpong		West Bengal
Kalka		Haryana
Kalliasseri		Kerala
Kalpi		Uttar Pradesh
Kalol		Gujarat
Kalpetta		Kerala
Kalyan		Maharashtra
Kalyandurg		Andhra Pradesh
Kamareddy		Andhra Pradesh
Kamthi		Maharashtra
Kanchipuram		Tamil Nadu
Kandukur		Andhra Pradesh
Kanhangad		Kerala
Kanjikkuzhi		Kerala
Kanker		Chhattisgarh
Kannur		Kerala
Kanpur		Uttar Pradesh
Kantabanji		Orissa
Kanti		Bihar
Kapadvanj		Gujarat
Kapurthala		Punjab
Karad		Maharashtra
Karaikal		Pondicherry
Karaikudi		Tamil Nadu
Karanjia		Orissa
Karimganj		Assam
Karimnagar		Andhra Pradesh
Karjan		Gujarat
karjat		maharashtra
Kaarkala		Karnataka
Karnal		Haryana
Karoran		Punjab
Kartarpur		Punjab
Karur		Tamil Nadu
Karungal		Tamil Nadu
Kaarawaara		Karnataka
Kasaragod		Kerala
Kashipur		Uttarakhand
Kathua		Jammu and Kashmir
Katihar		Bihar
Katni		Madhya Pradesh
Kavali		Andhra Pradesh
Kavaratti		Lakshadweep
Kawardha		Chhattisgarh
Kayamkulam		Kerala
Kendrapara		Orissa
Kendujhar		Orissa
Keshod		Gujarat
Keylong		Himachal Pradesh
Khagaria		Bihar
Khambhalia		Gujarat
Khambhat		Gujarat
Khammam		Andhra Pradesh
Khanna		Punjab
Kharagpur		Bihar
Kharagpur		West Bengal
Kharar		Punjab
Kheda		Gujarat
Khedbrahma		Gujarat
Kheralu		Gujarat
Kheri		Uttar Pradesh
Khordha		Orissa
Khowai		Tripura
Khunti		Jharkhand
Khurai		Madhya Pradesh
kichha		Uttarakhand
Kishanganj		Bihar
Kochi		Kerala
Kodad		Andhra Pradesh
Kodinar		Gujarat
Kodungallur		Kerala
Kohima		Nagaland
Kokrajhar		Assam
Kolaara		Karnataka
Kolhapur		Maharashtra
Kolkata		West Bengal
Kollam		Kerala
Kollankodu		Tamil Nadu
Kondagaon		Chhattisgarh
Konnagar		West Bengal
Koothuparamba		Kerala
Koraput		Orissa
Korba		Chhattisgarh
Koratla		Andhra Pradesh
Kot Kapura		Punjab
Kota		Karnataka
Kota		Rajasthan
Kota		Uttar Pradesh
Kotdwara		Uttarakhand
Kothagudem		Andhra Pradesh
Kothamangalam		Kerala
Kothapeta		Andhra Pradesh
Kotma		Madhya Pradesh
Kottayam		Kerala
Kovvur		Andhra Pradesh
Kozhikode		Kerala
Krishnanagar		West Bengal
Kuchinda		Orissa
Kunnamkulam		Kerala
Kurali		Punjab
Kurnool		Andhra Pradesh
Kyathampalle		Andhra Pradesh
Lachhmangarh		Rajasthan
Ladnu		Rajasthan
Ladwa		Haryana
Lahar		Madhya Pradesh
Laharpur		Uttar Pradesh
Lakheri		Rajasthan
Lakhimpur		Uttar Pradesh
Lakhisarai		Bihar
Lakshmishawara		Karnataka
Lal Gopalganj Nindaura		Uttar Pradesh
Lalganj		Bihar
Lalgudi		Tamil Nadu
Lalitpur		Uttar Pradesh
Lalganj		Uttar Pradesh
Lalsot		Rajasthan
Lanka		Assam
Lar		Uttar Pradesh
Lathi		Gujarat
Latur		Maharashtra
Leh		Jammu and Kashmir
Lilong		Manipur
Limbdi		Gujarat
Lingsuguru		Karnataka
Loha		Maharashtra
Lohardaga		Jharkhand
Lonar		Maharashtra
Lonavla		Maharashtra
Longowal		Punjab
Loni		Uttar Pradesh
Losal		Rajasthan
Lucknow		Uttar Pradesh
Ludhiana		Punjab
Lumding		Assam
Lunawada		Gujarat
Lundi		Madhya Pradesh
Lunglei		Mizoram
Macherla		Andhra Pradesh
Machilipatnam		Andhra Pradesh
Madanapalle		Andhra Pradesh
Maddhuru		Karnataka
Madgaon		Goa
Madhepura		Bihar
Madhubani		Bihar
Madhugiri		Karnataka
Madhupur		Jharkhand
Madhyamgram		Orissa
Madikeri		Karnataka
Madurai		Tamil Nadu
Maagadi		Karnataka
Mahabaleswar		Maharashtra
Mahad		Maharashtra
Mahbubnagar		Andhra Pradesh
Mahalingapura		Karnataka
Maharajganj		Bihar
Maharajpur		Madhya Pradesh
Mahasamund		Chhattisgarh
Mahe		Pondicherry
Mahendragarh		Chhattisgarh
Mahendragarh		Haryana
Mahesana		Gujarat
Mahidpur		Madhya Pradesh
Mahnar Bazar		Bihar
Mahoba		Uttar Pradesh
Mahuli		Maharashtra
Mahuva		Gujarat
Mahwa		Rajasthan
Maihar		Madhya Pradesh
Mainaguri		West Bengal
Makhdumpur		Bihar
Makrana		Rajasthan
Mal		West Bengal
Malajkhand		Madhya Pradesh
Malappuram		Kerala
Malavalli		Karnataka
Malegaon		Maharashtra
Malerkotla		Punjab
Malkangiri		Orissa
Malkapur		Maharashtra
Malout		Punjab
Malpura		Rajasthan
Maaluru		Karnataka
Manasa		Madhya Pradesh
Manavadar		Gujarat
Manawar		Madhya Pradesh
Manchar		Maharashtra
Mancherial		Andhra Pradesh
Mandalgarh		Rajasthan
Mandamarri		Andhra Pradesh
Mandapeta		Andhra Pradesh
Mandawa		Rajasthan
Mandi		Himachal Pradesh
Mandi Dabwali		Haryana
Mandideep		Madhya Pradesh
Mandla		Madhya Pradesh
Mandsaur		Madhya Pradesh
Mandvi		Gujarat
Mandya		Karnataka
Maner		Bihar
Manesar		Haryana
Mangalagiri		Andhra Pradesh
Mangaldoi		Assam
Mangalooru		Karnataka
Mangalvedhe		Maharashtra
Manglaur		Uttarakhand
Mangrol		Gujarat
Mangrol		Rajasthan
Mangrulpir		Maharashtra
Manihari		Bihar
Manjlegaon		Maharashtra
Mankachar		Assam
Manmad		Maharashtra
Mansa		Punjab
Mansa		Gujarat
Manuguru		Andhra Pradesh
Maanvi		Karnataka
Manwath		Maharashtra
Mapusa		Goa
Margao		Goa
Margherita		Assam
Marhaura		Bihar
Mariani		Assam
Marigaon		Assam
Markapur		Andhra Pradesh
Marmagao		Goa
Masaurhi		Bihar
Mathabhanga		West Bengal
Mathura		Uttar Pradesh
Mattannur		Kerala
Mauganj		Madhya Pradesh
Maur		Punjab
Mavelikkara		Kerala
Mavoor		Kerala
Mayang Imphal		Manipur
Medak		Andhra Pradesh
Medinipur		West Bengal
Meerut		Uttar Pradesh
Mehkar		Maharashtra
Mehmedabad		Gujarat
Memari		West Bengal
Merta City		Rajasthan
Mhaswad		Maharashtra
Mhow Cantonment		Madhya Pradesh
Mhowgaon		Madhya Pradesh
Mihijam		Jharkhand
Mira-Bhayandar		Maharashtra
Miraj		Maharashtra
Mirganj		Bihar
Miryalaguda		Andhra Pradesh
Mirzapur		Uttar Pradesh
Mithapur		Gujarat
Modasa		Gujarat
Modinagar		Uttar Pradesh
Moga		Punjab
Mogalthur		Andhra Pradesh
Mohali		Punjab
Mohania		Bihar
Mokama		Bihar
Mokameh		Bihar
Mokokchung		Nagaland
Monoharpur		West Bengal
Moradabad		Uttar Pradesh
Morena		Madhya Pradesh
Morinda		Punjab
Morshi		Maharashtra
Morvi		Gujarat
Motihari		Bihar
Motipur		Bihar
Mount Abu		Rajasthan
Mudalagi		Karnataka
Mudabidri		Karnataka
Muddebihala		Karnataka
Mudhola		Karnataka
Mukatsar		Punjab
Mukerian		Punjab
Mukhed		Maharashtra
Muktsar		Punjab
Mul		Maharashtra
Mulabaagilu		Karnataka
Multai		Madhya Pradesh
Mumbai		Maharashtra
Bombay		Maharashtra
Mundaragi		Karnataka
Mungeli		Chhattisgarh
Munger		Bihar
Muradnagar		Uttar Pradesh
Murliganj		Bihar
Murshidabad		West Bengal
Murtijapur		Maharashtra
Murwara		Madhya Pradesh
Musabani		Jharkhand
Mussoorie		Uttarakhand
Muvattupuzha		Kerala
Muzaffarnagar		Uttar Pradesh
Muzaffarpur		Bihar
Mysooru		Karnataka
Nabadwip		West Bengal
Nabarangapur		Orissa
Nabha		Punjab
Nadbai		Rajasthan
Nadiad		Gujarat
Nagaon		Assam
Nagapattinam		Tamil Nadu
Nagar		Rajasthan
Nagari		Andhra Pradesh
Nagarkurnool		Andhra Pradesh
Nagaur		Rajasthan
Nagda		Madhya Pradesh
Nagercoil		Tamil Nadu
Nagina		Uttar Pradesh
Nagla		Uttarakhand
Nagpur		Maharashtra
Nahan		Himachal Pradesh
Naharlagun		Arunachal Pradesh
Naihati		West Bengal
Naila Janjgir		Chhattisgarh
Nainital		Uttarakhand
Nainpur		Madhya Pradesh
Najibabad		Uttar Pradesh
Nakodar		Punjab
Nakur		Uttar Pradesh
Nalasopara		Maharashtra
Nalbari		Assam
Namagiripettai		Tamil Nadu
Namakkal		Tamil Nadu
Nanded-Waghala		Maharashtra
Nandgaon		Maharashtra
Nandivaram-Guduvancheri		Tamil Nadu
Nandura		Maharashtra
Nandurbar		Maharashtra
Nandyal		Andhra Pradesh
Nangal		Punjab
Nanjanagoodu		Karnataka
Nanjikottai		Tamil Nadu
Nanpara		Uttar Pradesh
Narasapur		Andhra Pradesh
Narasaraopet		Andhra Pradesh
Naraura		Uttar Pradesh
Narayanpet		Andhra Pradesh
Nargund		Rajasthan
Narkatiaganj		Bihar
Narkhed		Maharashtra
Narnaul		Haryana
Narsinghgarh		Madhya Pradesh
Narsinghgarh		Madhya Pradesh
Narsipatnam		Andhra Pradesh
Narwana		Haryana
Nashik		Maharashtra
Nasirabad		Rajasthan
Natham		Tamil Nadu
Nathdwara		Rajasthan
Naugachhia		Bihar
Naugawan Sadat		Uttar Pradesh
Nautanwa		Uttar Pradesh
Navalgund		Rajasthan
Navi Mumbai		Maharashtra
Navsari		Gujarat
Nawabganj		Uttar Pradesh
Nawada		Bihar
Nawalgarh		Rajasthan
Nawanshahr		Punjab
Nawapur		Maharashtra
Nedumangad		Kerala
Neem-Ka-Thana		Rajasthan
Neemuch		Madhya Pradesh
Nehtaur		Uttar Pradesh
Nelamangala		Rajasthan
Nellikuppam		Tamil Nadu
Nellore		Andhra Pradesh
Nepanagar		Madhya Pradesh
New Delhi		Delhi
Neyveli		Tamil Nadu
Neyyattinkara		Kerala
Nidadavole		Andhra Pradesh
Nilanga		Maharashtra
Nimbahera		Rajasthan
Nippani		Karnataka
Nirmal		Andhra Pradesh
Niwai		Rajasthan
Niwari		Madhya Pradesh
Nizamabad		Andhra Pradesh
Nohar		Rajasthan
Noida		Uttar Pradesh
Nokha		Bihar
Nokha		Rajasthan
Nongstoin		Meghalaya
Noorpur		Uttar Pradesh
North Lakhimpur		Assam
Nowgong		Madhya Pradesh
Nowrozabad		Madhya Pradesh
Nuzvid		Andhra Pradesh
O' Valley		Tamil Nadu
Oddanchatram		Tamil Nadu
Obra		Uttar Pradesh
Ongole		Andhra Pradesh
Orai		Uttar Pradesh
Osmanabad		Maharashtra
Ottappalam		Kerala
Ozar		Maharashtra
P.N.Patti		Tamil Nadu
Pachora		Maharashtra
Pachore		Madhya Pradesh
Pacode		Tamil Nadu
Padmanabhapuram		Tamil Nadu
Padra		Gujarat
Padrauna		Uttar Pradesh
Paithan		Maharashtra
Pakaur		Jharkhand
Palacole		Andhra Pradesh
Palai		Kerala
Palakkad		Kerala
Palani		Tamil Nadu
Palanpur		Gujarat
Palasa Kasibugga		Andhra Pradesh
Palghar		Maharashtra
Pali		Rajasthan
Pali		Madhya Pradesh
Palia Kalan		Uttar Pradesh
Palitana		Gujarat
Pondur		Andhra pradesh
Palladam		Tamil Nadu
Pallapatti		Tamil Nadu
Pallikonda		Tamil Nadu
Palwal		Haryana
Palwancha		Andhra Pradesh
Panagar		Madhya Pradesh
Panagudi		Tamil Nadu
Panaji		Goa
Panchkula		Haryana
Panchla		West Bengal
Pandharkaoda		Maharashtra
Pandharpur		Maharashtra
Pandhurna		Madhya Pradesh
Pandua		West Bengal
Panipat		Haryana
Panna		Madhya Pradesh
Panniyannur		Kerala
Panruti		Tamil Nadu
Panvel		Maharashtra
Pappinisseri		Kerala
Paradip		Orissa
Paramakudi		Tamil Nadu
Parangipettai		Tamil Nadu
Parasi		Uttar Pradesh
Paravoor		Kerala
Parbhani		Maharashtra
Pardi		Gujarat
Parlakhemundi		Orissa
Parli		Maharashtra
Parola		Maharashtra
Partur		Maharashtra
Parvathipuram		Andhra Pradesh
Pasan		Madhya Pradesh
Paschim Punropara		West Bengal
Pasighat		Arunachal Pradesh
Patan		Gujarat
Pathanamthitta		Kerala
Pathankot		Punjab
Pathardi		Maharashtra
Pathri		Maharashtra
Patiala		Punjab
Patna		Bihar
Patran		Punjab
Patratu		Jharkhand
Pattamundai		Orissa
Patti		Punjab
Pattukkottai		Tamil Nadu
Patur		Maharashtra
Pauni		Maharashtra
Pauri		Uttarakhand
Paavagada		Karnataka
Payyannur		Kerala
Pedana		Andhra Pradesh
Peddapuram		Andhra Pradesh
Pehowa		Haryana
Pen		Maharashtra
Perambalur		Tamil Nadu
Peravurani		Tamil Nadu
Peringathur		Kerala
Perinthalmanna		Kerala
Periyakulam		Tamil Nadu
Periyasemur		Tamil Nadu
Pernampattu		Tamil Nadu
Perumbavoor		Kerala
Petlad		Gujarat
Phagwara		Punjab
Phalodi		Rajasthan
Phaltan		Maharashtra
Phillaur		Punjab
Phulabani		Orissa
Phulera		Rajasthan
Phulpur		Uttar Pradesh
Phusro		Jharkhand
Pihani		Uttar Pradesh
Pilani		Rajasthan
Pilibanga		Rajasthan
Pilibhit		Uttar Pradesh
Pilkhuwa		Uttar Pradesh
Pindwara		Rajasthan
Pinjore		Haryana
Pipar City		Rajasthan
Pipariya		Madhya Pradesh
Piro		Bihar
Pithampur		Madhya Pradesh
Pithapuram		Andhra Pradesh
Pithoragarh		Uttarakhand
Pollachi		Tamil Nadu
Polur		Tamil Nadu
Pondicherry		Pondicherry
Ponnani		Kerala
Ponneri		Tamil Nadu
Ponnur		Andhra Pradesh
Porbandar		Gujarat
Porsa		Madhya Pradesh
Port Blair		Andaman and Nicobar Islands
Powayan		Uttar Pradesh
Prantij		Rajasthan
Pratapgarh		Rajasthan
Pratapgarh		Tripura
Prithvipur		Madhya Pradesh
Proddatur		Andhra Pradesh
Pudukkottai		Tamil Nadu
Pudupattinam		Tamil Nadu
Pukhrayan		Uttar Pradesh
Pulgaon		Maharashtra
Puliyankudi		Tamil Nadu
Punalur		Kerala
Punch		Jammu and Kashmir
Pune		Maharashtra
Punjaipugalur		Tamil Nadu
Punganur		Andhra Pradesh
Puranpur		Uttar Pradesh
Purna		Maharashtra
Puri		Orissa
Purnia		Bihar
Purquazi		Uttar Pradesh
Purulia		West Bengal
Purwa		Uttar Pradesh
Pusad		Maharashtra
Puthooru		Karnataka
Puttur		Andhra Pradesh
Qadian		Punjab
Quilandy		Kerala
Rabakavi Banahatti		Karnataka
Radhanpur		Gujarat
Rae Bareli		Uttar Pradesh
Rafiganj		Bihar
Raghogarh-Vijaypur		Madhya Pradesh
Raghunathpur		West Bengal
Rahatgarh		Madhya Pradesh
Raichuri		Maharashtra
Raayachuru		Karnataka
Raiganj		West Bengal
Raigarh		Chhattisgarh
Raikot		Punjab
Raipur		Chhattisgarh
Rairangpur		Orissa
Raisen		Madhya Pradesh
Raisinghnagar		Rajasthan
Rajagangapur		Orissa
Rajahmundry		Andhra Pradesh
Rajakhera		Rajasthan
Rajaldesar		Rajasthan
Rajam		Andhra Pradesh
Rajampet		Andhra Pradesh
Rajapalayam		Tamil Nadu
Rajauri		Jammu and Kashmir
Rajgarh (Alwar)		Rajasthan
Rajgarh (Churu)		Rajasthan
Rajgarh		Madhya Pradesh
Rajgir		Bihar
Rajkot		Gujarat
Rajnandgaon		Chhattisgarh
Rajpipla		Gujarat
Rajpura		Punjab
Rajsamand		Rajasthan
Rajula		Gujarat
Rajura		Maharashtra
Ramachandrapuram		Andhra Pradesh
Ramagundam		Andhra Pradesh
Raamanagara		Karnataka
Ramanathapuram		Tamil Nadu
Raamadurga		Karnataka
Rameshwaram		Tamil Nadu
Ramganj Mandi		Rajasthan
Ramngarh		Jharkhand
Ramngarh		Rajasthan
Ramnagar		Bihar
Ramnagar		Uttarakhand
Rampur		Uttar Pradesh
Rampur Maniharan		Uttar Pradesh
Rampura Phul		Punjab
Rampurhat		West Bengal
Ramtek		Maharashtra
Ranaghat		West Bengal
Ranavav		Gujarat
Ranchi		Jharkhand
Rangia		Assam
Rania		Haryana
Ranibennur		Karnataka
Rapar		Gujarat
Rasipuram		Tamil Nadu
Rasra		Uttar Pradesh
Ratangarh		Rajasthan
Rath		Uttar Pradesh
Ratia		Haryana
Ratlam		Madhya Pradesh
Ratnagiri		Maharashtra
Rau		Madhya Pradesh
Raurkela		Orissa
Raver		Maharashtra
Rawatbhata		Rajasthan
Rawatsar		Rajasthan
Raxaul Bazar		Bihar
Rayachoti		Andhra Pradesh
Rayadurg		Andhra Pradesh
Rayagada		Orissa
Reengus		Rajasthan
Rehli		Madhya Pradesh
Renigunta		Andhra Pradesh
Renukoot		Uttar Pradesh
Reoti		Uttar Pradesh
Repalle		Andhra Pradesh
Revelganj		Bihar
Rewa		Madhya Pradesh
Rewari		Haryana
Rishikesh		Uttarakhand
Risod		Maharashtra
Robertsganj		Uttar Pradesh
Robertson Pet		Karnataka
Rohtak		Haryana
Ron		Karnataka
Roorkee		Uttarakhand
Rosera		Bihar
Rudauli		Uttar Pradesh
Rudrapur		Uttarakhand
Rudrapur		Uttar Pradesh
Rupnagar		Punjab
Sabalgarh		Madhya Pradesh
Sadabad		Uttar Pradesh
Sadalaga		Karnataka
Sadasivpet		Andhra Pradesh
Sadri		Rajasthan
Sadulshahar		Rajasthan
Safidon		Haryana
Safipur		Uttar Pradesh
Sagar		Madhya Pradesh
Saagara		Karnataka
Sagwara		Rajasthan
Saharanpur		Uttar Pradesh
Saharsa		Bihar
Sahaspur		Uttar Pradesh
Sahaswan		Uttar Pradesh
Sahawar		Uttar Pradesh
Sahibganj		Jharkhand
Sahjanwa		Uttar Pradesh
Saidpur		Uttar Pradesh
Saiha		Mizoram
Sailu		Maharashtra
Sainthia		West Bengal
Sakaleshapura		Karnataka
Sakti		Chhattisgarh
Salaya		Gujarat
Salem		Tamil Nadu
Salur		Andhra Pradesh
Samalkha		Haryana
Samalkot		Andhra Pradesh
Samana		Punjab
Samastipur		Bihar
Sambalpur		Orissa
Sambhal		Uttar Pradesh
Sambhar		Rajasthan
Samdhan		Uttar Pradesh
Samthar		Uttar Pradesh
Sanand		Gujarat
Sanawad		Madhya Pradesh
Sanchore		Rajasthan
Sandi		Uttar Pradesh
Sandila		Uttar Pradesh
Sandur		Karnataka
Sangamner		Maharashtra
Sangareddy		Andhra Pradesh
Sangaria		Rajasthan
Sangli		Maharashtra
Sangole		Maharashtra
Sangrur		Punjab
Sankarankoil		Tamil Nadu
Sankari		Tamil Nadu
Sankeshwara		Karnataka
Santipur		West Bengal
Sarangpur		Madhya Pradesh
Sardarshahar		Rajasthan
Sardhana		Uttar Pradesh
Sarni		Madhya Pradesh
Sasaram		Bihar
Sasvad		Maharashtra
Satana		Maharashtra
Satara		Maharashtra
Satna		Madhya Pradesh
Sathyamangalam		Tamil Nadu
Sattenapalle		Andhra Pradesh
Sattur		Tamil Nadu
Saunda		Jharkhand
Soudaththi-Yellamma		Karnataka
Sausar		Madhya Pradesh
Savarkundla		Gujarat
Savanur		Karnataka
Savner		Maharashtra
Sawai Madhopur		Rajasthan
Sawantwadi		Maharashtra
Sedam		Karnataka
Sehore		Madhya Pradesh
Sendhwa		Madhya Pradesh
Seohara		Uttar Pradesh
Seoni		Madhya Pradesh
Seoni-Malwa		Madhya Pradesh
Shahabad		Karnataka
Shahabad, Hardoi		Uttar Pradesh
Shahabad, Rampur		Uttar Pradesh
Shahade		Maharashtra
Shahbad		Haryana
Shahdol		Madhya Pradesh
Shahganj		Uttar Pradesh
Shahjahanpur		Uttar Pradesh
Shahapura		Karnataka
Shahpura		Rajasthan
Shahpura		Rajasthan
Shajapur		Madhya Pradesh
Shamgarh		Madhya Pradesh
Shamli		Uttar Pradesh
Shamsabad, Agra		Uttar Pradesh
Shamsabad, Farrukhabad		Uttar Pradesh
Shegaon		Maharashtra
Sheikhpura		Bihar
Shendurjana		Maharashtra
Shenkottai		Tamil Nadu
Sheoganj		Rajasthan
Sheohar		Bihar
Sheopur		Madhya Pradesh
Sherghati		Bihar
Sherkot		Uttar Pradesh
Shiggaavi		Karnataka
Shikapur		Karnataka
Shikarpur, Bulandshahr		Uttar Pradesh
Shikohabad		Uttar Pradesh
Shillong		Meghalaya
Shimla		Himachal Pradesh
Shivamogga		Karnataka
Shirdi		Maharashtra
Shirpur-Warwade		Maharashtra
Shirur		Maharashtra
Shishgarh		Uttar Pradesh
Shivpuri		Madhya Pradesh
Sholavandan		Tamil Nadu
Sholingur		Tamil Nadu
Shoranur		Kerala
Surapura		Karnataka
Shrigonda		Maharashtra
Shrirampur		Maharashtra
Shree Rangapattana		Karnataka
Shujalpur		Madhya Pradesh
Siana		Uttar Pradesh
Sibsagar		Assam
Siddipet		Andhra Pradesh
Sidhi		Madhya Pradesh
Sidhpur		Gujarat
Sidhalaghatta		Karnataka
Sihor		Gujarat
Sihora		Madhya Pradesh
Sikanderpur		Uttar Pradesh
Sikandra Rao		Uttar Pradesh
Sikandrabad		Uttar Pradesh
Sikar		Rajasthan
Silao		Bihar
Silapathar		Assam
Silchar		Assam
Siliguri		West Bengal
Sillod		Maharashtra
Silvassa		Dadra and Nagar Haveli
Simdega		Jharkhand
Sindhagi		Karnataka
Sindhanooru		Karnataka
Singapur		Andhra Pradesh
Singrauli		Madhya Pradesh
Sinnar		Maharashtra
Sira		Karnataka
Sircilla		Andhra Pradesh
Sirhind Fatehgarh Sahib		Punjab
Sirkali		Tamil Nadu
Sirohi		Rajasthan
Sironj		Madhya Pradesh
Sirsa		Haryana
Sirsaganj		Uttar Pradesh
Sirsi		Karnataka
Sirsi		Uttar Pradesh
Sheraguppa		Karnataka
Sitamarhi		Bihar
Sitapur		Uttar Pradesh
Sitarganj		Uttarakhand
Sivaganga		Tamil Nadu
Sivagiri		Tamil Nadu
Sivakasi		Tamil Nadu
Siwan		Bihar
Sohagpur		Madhya Pradesh
Sohna		Haryana
Sojat		Rajasthan
Solan		Himachal Pradesh
Solapur		Maharashtra
Sonamukhi		West Bengal
Sonepur		Bihar
Songadh		Gujarat
Sonipat		Haryana
Sopore		Jammu and Kashmir
Soro		Orissa
Soron		Uttar Pradesh
Soyagaon		Maharashtra
Sri Madhopur		Rajasthan
Srikakulam		Andhra Pradesh
Srikalahasti		Andhra Pradesh
Srinagar		Jammu and Kashmir
Shreenivaasapura		Karnataka
Srisailam Project (Right Flank Colony) Township		Andhra Pradesh
Srirampore		West Bengal
Srivilliputhur		Tamil Nadu
Suar		Uttar Pradesh
Sugauli		Bihar
Sujangarh		Rajasthan
Sujanpur		Punjab
Sultanganj		Bihar
Sultanpur		Uttar Pradesh
Sumerpur		Rajasthan
Sumerpur		Uttar Pradesh
Sunabeda		Orissa
Sunam		Punjab
Sundargarh		Orissa
Sundarnagar		Himachal Pradesh
Supaul		Bihar
Surandai		Tamil Nadu
Surat		Gujarat
Suratgarh		Rajasthan
Suri		West Bengal
Suriyampalayam		Tamil Nadu
Suryapet		Andhra Pradesh
Tadepalligudem		Andhra Pradesh
Tadpatri		Andhra Pradesh
Taki		West Bengal
Talaja		Gujarat
Talcher		Orissa
Talegaon Dabhade		Maharashtra
Thaalikote		Karnataka
Taliparamba		Kerala
Talode		Maharashtra
Talwara		Punjab
Tamluk		West Bengal
Tanda		Uttar Pradesh
Tanda		Uttar Pradesh
Tandur		Andhra Pradesh
Tanuku		Andhra Pradesh
Tarakeswar		West Bengal
Tarana		Madhya Pradesh
Taranagar		Rajasthan
Taraori		Haryana
Tarikere		Karnataka
Tarn Taran		Punjab
Tasgaon		Maharashtra
Tehri		Uttarakhand
Tekkalakote		Karnataka
Tenali		Andhra Pradesh
Tenkasi		Tamil Nadu
Tenu Dam-cum- Kathhara		Jharkhand
Thergallu		Karnataka
Tetri Bazar		Uttar Pradesh
Tezpur		Assam
Thakurdwara		Uttar Pradesh
Thammampatti		Tamil Nadu
Thana Bhawan		Uttar Pradesh
Thanesar		Haryana
Thangadh		Gujarat
Thanjavur		Tamil Nadu
Tharad		Gujarat
Tharamangalam		Tamil Nadu
Tharangambadi		Tamil Nadu
Theni Allinagaram		Tamil Nadu
Thirumangalam		Tamil Nadu
Thirunindravur		Tamil Nadu
Thiruparappu		Tamil Nadu
Thirupuvanam		Tamil Nadu
Thiruthuraipoondi		Tamil Nadu
Thiruvalla		Kerala
Thiruvallur		Tamil Nadu
Thiruvananthapuram		Kerala
Thiruvarur		Tamil Nadu
Thodupuzha		Kerala
Thoothukudi		Tamil Nadu
Thoubal		Manipur
Thrissur		Kerala
Thuraiyur		Tamil Nadu
Tikamgarh		Madhya Pradesh
Tilda Newra		Chhattisgarh
Tilhar		Uttar Pradesh
Tindivanam		Tamil Nadu
Tinsukia		Assam
Thipatooru		Karnataka
Tirora		Maharashtra
Tiruchendur		Tamil Nadu
Tiruchengode		Tamil Nadu
Tiruchirappalli		Tamil Nadu
Tirukalukundram		Tamil Nadu
Tirukkoyilur		Tamil Nadu
Tirunelveli		Tamil Nadu
Tirupathur		Tamil Nadu
Tirupathur		Tamil Nadu
Tirupati		Andhra Pradesh
Tiruppur		Tamil Nadu
Tirur		Kerala
Tiruttani		Tamil Nadu
Tiruvannamalai		Tamil Nadu
Tiruvethipuram		Tamil Nadu
Tiruvuru		Andhra Pradesh
Tirwaganj		Uttar Pradesh
Titlagarh		Orissa
Tittakudi		Tamil Nadu
Todabhim		Rajasthan
Todaraisingh		Rajasthan
Tohana		Haryana
Tonk		Rajasthan
Tuensang		Nagaland
Tuljapur		Maharashtra
Tulsipur		Uttar Pradesh
Thumakooru		Karnataka
Tumsar		Maharashtra
Tundla		Uttar Pradesh
Tuni		Andhra Pradesh
Tura		Meghalaya
Uchgaon		Maharashtra
Udaipur		Rajasthan
Udaipur		Tripura
Udaipurwati		Rajasthan
Udgir		Maharashtra
Udhagamandalam		Tamil Nadu
Udhampur		Jammu and Kashmir
Udumalaipettai		Tamil Nadu
Udupi		Karnataka
Ujhani		Madhya Pradesh
Ujjain		Madhya Pradesh
Umarga		Maharashtra
Umaria		Madhya Pradesh
Umarkhed		Maharashtra
Umarkote		Orissa
Umbergaon		Gujarat
Umred		Maharashtra
Umreth		Gujarat
Una		Gujarat
Unjha		Gujarat
Unnamalaikadai		Tamil Nadu
Unnao		Uttar Pradesh
Upleta		Gujarat
Uran		Maharashtra
Uran Islampur		Maharashtra
Uravakonda		Andhra Pradesh
Urmar Tanda		Punjab
Usilampatti		Tamil Nadu
Uthamapalayam		Tamil Nadu
Uthiramerur		Tamil Nadu
Utraula		Uttar Pradesh
Vadakara		Kerala
Vadakkuvalliyur		Tamil Nadu
Vadalur		Tamil Nadu
Vadgaon Kasba		Maharashtra
Vadipatti		Tamil Nadu
Vadnagar		Gujarat
Vadodara		Gujarat
Vaijapur		Maharashtra
Vaikom		Kerala
Valparai		Tamil Nadu
Valsad		Gujarat
Vandavasi		Tamil Nadu
Vaniyambadi		Tamil Nadu
Vapi		Gujarat
Vapi		Gujarat
Varanasi		Uttar Pradesh
Varkala		Kerala
Vasai		Maharashtra
Vedaranyam		Tamil Nadu
Vellakoil		Tamil Nadu
Vellore		Tamil Nadu
Venkatagiri		Andhra Pradesh
Veraval		Gujarat
Vicarabad		Andhra Pradesh
Vidisha		Madhya Pradesh
Vijainagar		Rajasthan
Vijapur		Gujarat
Vijayapura		Karnataka
Vijayawada		Andhra Pradesh
Vikramasingapuram		Tamil Nadu
Viluppuram		Tamil Nadu
Vinukonda		Andhra Pradesh
Viramgam		Gujarat
Virar		Maharashtra
Virudhachalam		Tamil Nadu
Virudhunagar		Tamil Nadu
Visakhapatnam		Andhra Pradesh
Visnagar		Gujarat
Viswanatham		Tamil Nadu
Vita		Maharashtra
Vizianagaram		Andhra Pradesh
Vrindavan		Uttar Pradesh
Vyara		Gujarat
Wadgaon Road		Maharashtra
Wadhwan		Gujarat
Wadi		Karnataka
Wai		Maharashtra
Wanaparthy		Andhra Pradesh
Wani		Maharashtra
Wankaner		Gujarat
Wara Seoni		Madhya Pradesh
Warangal		Andhra Pradesh
Wardha		Maharashtra
Warhapur		Uttar Pradesh
Warisaliganj		Bihar
Warora		Maharashtra
Warud		Maharashtra
Washim		Maharashtra
Wokha		Nagaland
Yaadhagiri		Karnataka
Yamunanagar		Haryana
Yanam		Pondicherry
Yavatmal		Maharashtra
Yawal		Maharashtra
Yellandu		Andhra Pradesh
Yemmiganur		Andhra Pradesh
Yerraguntla		Andhra Pradesh
Yevla		Maharashtra
Zahirabad		Andhra Pradesh
Zaidpur		Uttar Pradesh
Zamania		Uttar Pradesh
Zira		Punjab
Zirakpur		Punjab
Zunheboto		Nagaland